Month,Forecast,MAE,RMSE
1,20503.354,13105.860817708332,15649.448805739165
2,21458.414,13105.860817708332,15649.448805739165
3,22635.957,13105.860817708332,15649.448805739165
