Month,Forecast,MAE,RMSE
1,23537.033,2918.728619791667,3109.8665976122197
2,34230.93,2918.728619791667,3109.8665976122197
3,35684.902,2918.728619791667,3109.8665976122197
