Month,Forecast,MAE,RMSE
1,26691.076,3922.707609374999,3976.798721972308
2,26780.713,3922.707609374999,3976.798721972308
3,26544.19,3922.707609374999,3976.798721972308
