Month,Forecast,MAE,RMSE
1,25122.15,10154.578848958334,13758.780120552758
2,26868.72,10154.578848958334,13758.780120552758
3,21795.068,10154.578848958334,13758.780120552758
