Month,Forecast,MAE,RMSE
1,17816.506,4412.074041666667,5666.199359956141
2,19530.713,4412.074041666667,5666.199359956141
3,28989.953,4412.074041666667,5666.199359956141
